trip_id,route_id,vehicle_id,service_date,scheduled_departure,actual_departure,scheduled_arrival,actual_arrival,cancelled,passenger_count
T1001,R10,B101,2026-03-02,07:10,07:12,07:42,07:45,false,38
T1002,R10,B102,2026-03-02,08:05,08:05,08:38,08:42,false,44
T1003,R20,T201,2026-03-02,08:20,08:34,09:05,09:24,false,116
T1004,R30,B103,2026-03-02,08:30,08:39,09:12,09:29,false,72
T1005,R40,F301,2026-03-02,09:00,09:03,09:35,09:41,false,58
T1006,R50,B104,2026-03-02,16:40,16:53,17:24,17:47,false,91
T1007,R60,B105,2026-03-02,23:10,23:12,23:48,23:50,false,19
T1008,R20,T202,2026-03-02,17:15,17:20,18:00,18:08,false,104
T1009,R10,B101,2026-03-03,07:10,07:11,07:42,07:44,false,40
T1010,R30,B103,2026-03-03,07:50,08:02,08:32,08:52,false,69
T1011,R50,B104,2026-03-03,08:15,08:30,08:58,09:19,false,97
T1012,R40,F301,2026-03-03,08:45,,09:20,,true,0
T1013,R20,T201,2026-03-03,16:20,16:29,17:05,17:18,false,128
T1014,R60,B105,2026-03-03,22:40,22:40,23:18,23:19,false,22
T1015,R10,B102,2026-03-04,08:05,08:07,08:38,08:43,false,47
T1016,R20,T202,2026-03-04,08:20,08:21,09:05,09:08,false,111
T1017,R30,B106,2026-03-04,08:30,08:43,09:12,09:33,false,75
T1018,R50,B104,2026-03-04,16:40,16:49,17:24,17:39,false,94
T1019,R40,F302,2026-03-04,17:00,17:08,17:35,17:48,false,61
T1020,R60,B105,2026-03-04,23:10,23:15,23:48,23:55,false,17
T1021,R10,B101,2026-03-05,07:10,07:09,07:42,07:43,false,42
T1022,R20,T201,2026-03-05,08:20,08:38,09:05,09:31,false,121
T1023,R30,B103,2026-03-05,08:30,08:45,09:12,09:34,false,73
T1024,R50,B107,2026-03-05,08:15,08:18,08:58,09:05,false,99
T1025,R40,F301,2026-03-05,16:10,,16:45,,true,0
T1026,R60,B105,2026-03-05,22:40,22:45,23:18,23:28,false,24
T1027,R10,B102,2026-03-06,08:05,08:06,08:38,08:40,false,46
T1028,R20,T202,2026-03-06,08:20,08:22,09:05,09:09,false,118
T1029,R30,B106,2026-03-06,16:30,16:44,17:12,17:36,false,70
T1030,R50,B104,2026-03-06,16:40,16:58,17:24,17:51,false,103
T1031,R40,F302,2026-03-06,17:00,17:03,17:35,17:39,false,64
T1032,R60,B105,2026-03-06,23:10,23:11,23:48,23:49,false,20
