date,FXUSDCAD
2025-12-29,1.3686
2025-12-30,1.3693
2025-12-31,1.3706
2026-01-02,1.3737
2026-01-05,1.3768
2026-01-06,1.3789
2026-01-07,1.3823
2026-01-08,1.3866
2026-01-09,1.3896
2026-01-12,1.3875
2026-01-13,1.3886
2026-01-14,1.3877
2026-01-15,1.3899
2026-01-16,1.3913
2026-01-19,1.3870
2026-01-20,1.3829
2026-01-21,1.3814
2026-01-22,1.3798
2026-01-23,1.3732
2026-01-26,1.3702
2026-01-27,1.3620
2026-01-28,1.3571
2026-01-29,1.3515
2026-01-30,1.3562
2026-02-02,1.3676
2026-02-03,1.3652
2026-02-04,1.3668
2026-02-05,1.3676
2026-02-06,1.3648
2026-02-09,1.3576
2026-02-10,1.3544
2026-02-11,1.3574
2026-02-12,1.3605
2026-02-13,1.3614
2026-02-17,1.3656
2026-02-18,1.3678
2026-02-19,1.3696
2026-02-20,1.3689
2026-02-23,1.3689
2026-02-24,1.3708
2026-02-25,1.3685
2026-02-26,1.3688
2026-02-27,1.3642
2026-03-02,1.3688
2026-03-03,1.3684
2026-03-04,1.3664
2026-03-05,1.3677
2026-03-06,1.3613
2026-03-09,1.3574
2026-03-10,1.3567
2026-03-11,1.3587
2026-03-12,1.3617
2026-03-13,1.3716
2026-03-16,1.3675
2026-03-17,1.3699
2026-03-18,1.3706
2026-03-19,1.3728
2026-03-20,1.3718
2026-03-23,1.3717
2026-03-24,1.3761
2026-03-25,1.3801
2026-03-26,1.3844
2026-03-27,1.3875
2026-03-30,1.3926
2026-03-31,1.3939
2026-04-01,1.3888
2026-04-02,1.3918
2026-04-06,1.3916
2026-04-07,1.3907
2026-04-08,1.3851
2026-04-09,1.3821
2026-04-10,1.3825
2026-04-13,1.3812
2026-04-14,1.3757
2026-04-15,1.3746
2026-04-16,1.3710
2026-04-17,1.3671
2026-04-20,1.3660
2026-04-21,1.3653
2026-04-22,1.3662
2026-04-23,1.3688
2026-04-24,1.3678
2026-04-27,1.3615
2026-04-28,1.3678
2026-04-29,1.3682
2026-04-30,1.3624
2026-05-01,1.3576
2026-05-04,1.3611
2026-05-05,1.3617
2026-05-06,1.3625
2026-05-07,1.3635
2026-05-08,1.3686
2026-05-11,1.3667
2026-05-12,1.3710
2026-05-13,1.3703
2026-05-14,1.3725
2026-05-15,1.3752
2026-05-19,1.3757
2026-05-20,1.3751
2026-05-21,1.3783
2026-05-22,1.3809
2026-05-25,1.3804
2026-05-26,1.3812
2026-05-27,1.3831
2026-05-28,1.3809
2026-05-29,1.3798
2026-06-01,1.3837
2026-06-02,1.3834
2026-06-03,1.3884
2026-06-04,1.3896
2026-06-05,1.3924
2026-06-08,1.3947
2026-06-09,1.3947
2026-06-10,1.3930
2026-06-11,1.3993
2026-06-12,1.3977
2026-06-15,1.3982
2026-06-16,1.3996
2026-06-17,1.4034