purchase_date,processed_on,merchant,merchant_category,amount_cad
2026-01-03,2026-01-05,Loblaws,Groceries,92.47
2026-01-06,2026-01-07,Tim Hortons,Restaurants,7.82
2026-01-09,2026-01-10,Petro-Canada,Fuel,64.18
2026-01-12,2026-01-13,Shoppers Drug Mart,Health,26.55
2026-01-16,2026-01-17,Presto,Transit,36.00
2026-01-20,2026-01-21,Crave,Subscriptions,22.60
2026-01-24,2026-01-26,Canadian Tire,Home,118.34
2026-01-29,2026-01-30,Aritzia,Shopping,156.20
2026-02-02,2026-02-03,No Frills,Groceries,71.39
2026-02-06,2026-02-07,Steam Whistle Brewery,Entertainment,44.90
2026-02-10,2026-02-11,Air Canada,Travel,386.75
2026-02-14,2026-02-15,Joey Restaurants,Restaurants,83.22
2026-02-19,2026-02-20,Esso,Fuel,59.63
2026-02-22,2026-02-23,Shoppers Drug Mart,Health,18.91
2026-02-27,2026-02-28,Uber Canada,Transit,21.48
2026-03-03,2026-03-04,Spotify Canada,Subscriptions,12.99
2026-03-07,2026-03-09,Longos,Groceries,104.16
2026-03-11,2026-03-12,Indigo,Shopping,38.72
2026-03-15,2026-03-16,Via Rail,Travel,128.40
2026-03-18,2026-03-19,Petro-Canada,Fuel,67.05
2026-03-22,2026-03-23,Freshii,Restaurants,19.64
2026-03-26,2026-03-27,Canadian Tire,Home,-32.10
2026-04-01,2026-04-02,Loblaws,Groceries,96.83
2026-04-05,2026-04-06,Presto,Transit,36.00
2026-04-09,2026-04-10,Cineplex,Entertainment,48.25
2026-04-13,2026-04-14,WestJet,Travel,442.18
2026-04-19,2026-04-20,The Keg,Restaurants,112.70
2026-04-24,2026-04-25,Esso,Fuel,62.91
2026-05-01,2026-05-02,No Frills,Groceries,83.44
2026-05-06,2026-05-07,Shoppers Drug Mart,Health,34.18
2026-05-12,2026-05-13,Roots,Shopping,88.60
2026-05-20,2026-05-21,Uber Canada,Transit,27.35
2026-05-28,2026-05-29,Air Canada,Travel,512.09
2026-06-03,2026-06-04,Loblaws,Groceries,101.62
2026-06-12,2026-06-13,Joey Restaurants,Restaurants,76.95
