order_id,customer_id,order_date,category,units,unit_price,discount_rate,returned
2001,C001,2026-01-04,Software,3,49.00,0.00,false
2002,C002,2026-01-05,Hardware,2,129.00,0.05,false
2003,C003,2026-01-06,Services,1,299.00,0.10,false
2004,C004,2026-01-08,Software,5,49.00,0.00,true
2005,C005,2026-01-09,Hardware,4,89.00,0.15,false
2006,C006,2026-01-10,Software,7,39.00,0.00,false
2007,C001,2026-01-12,Hardware,1,249.00,0.05,false
2008,C007,2026-01-13,Services,2,199.00,0.20,false
2009,C008,2026-01-15,Software,6,59.00,0.05,false
2010,C009,2026-01-17,Services,1,399.00,0.00,true
2011,C010,2026-01-18,Hardware,3,149.00,0.10,false
2012,C003,2026-01-20,Software,8,29.00,0.00,false
2013,C011,2026-01-21,Services,2,249.00,0.05,false
2014,C002,2026-01-22,Hardware,5,99.00,0.10,false
2015,C012,2026-01-24,Software,4,69.00,0.00,false
2016,C005,2026-02-01,Services,1,349.00,0.15,false
2017,C006,2026-02-04,Hardware,2,179.00,0.05,false
2018,C008,2026-02-07,Software,3,79.00,0.00,false
2019,C010,2026-02-10,Services,1,449.00,0.10,false
2020,C012,2026-02-14,Hardware,2,219.00,0.05,false
2021,C001,2026-02-18,Software,6,59.00,0.00,false
2022,C011,2026-02-21,Hardware,1,299.00,0.10,false
2023,C007,2026-02-24,Software,5,69.00,0.05,false
2024,C004,2026-02-28,Services,2,259.00,0.00,false
2025,C009,2026-03-03,Hardware,3,149.00,0.05,false
2026,C003,2026-03-07,Services,1,399.00,0.00,false
2027,C002,2026-03-11,Software,4,89.00,0.10,false
2028,C006,2026-03-15,Services,2,299.00,0.05,false
2029,C008,2026-03-20,Hardware,2,199.00,0.00,false
2030,C012,2026-03-25,Software,7,49.00,0.00,false
